model,MAE,RMSE,MASE,Bias,sMAPE
seasonal_naive,2.4175091002747253,3.154883872483044,1.646751146834774,1.7720203182234426,4.440603176306616
naive,3.7318598328754575,4.381900647847005,2.5420563913972116,-0.2931446314102613,6.770894120586243
mean,3.7761461522108837,4.404644649489548,2.572223205307619,0.5345792509998435,6.850495280251579
drift,4.032998552115619,4.718132091034389,2.747185104752928,0.6360604967948681,7.309291863134648
