lag,lb_stat,lb_pvalue
12,33.06733690083033,0.0009448696776058146
26,50.72371895921173,0.002574312452315187
52,58.27002353023107,0.2557447526753096
