lag,lb_stat,lb_pvalue
12,3.712189815602306,0.9880878590636261
26,7.087790287744286,0.9999141771475363
52,48.85367635281103,0.5984001576337568
