model,MAE,RMSE,MASE,Bias,sMAPE
sarima,2.990127658768214,3.615394993333425,2.036805632168819,1.1166958118934123,5.4632546625309715
