series,test_statistic,p_value,used_lags,number_observations,critical_value_1_percent,critical_value_5_percent,critical_value_10_percent,significance_level,is_stationary
original,-5.448078497657509,2.682459749095656e-06,0,195,-3.464337030867007,-2.876478799035722,-2.574733103221565,0.05,True
first_difference,-8.6268923125426,5.897142866843847e-14,4,190,-3.4652439354133255,-2.8768752281673717,-2.574944653739612,0.05,True
seasonal_difference_52,-3.723348580377942,0.0037964676933322228,7,136,-3.4793722137854926,-2.8830370378332995,-2.578233635380623,0.05,True
